{
  "Abrucena": [
    {
      "Fecha": "28/02/2026",
      "Festividad autonomica": [
        "Día de Andalucí­a"
      ]
    },
    {
      "Fecha": "02/04/2026",
      "Festividad autonomica": [
        "Jueves Santo"
      ]
    },
    {
      "Fecha": "28/04/2026",
      "Festividad local": [
        "Festivo Local"
      ]
    },
    {
      "Fecha": "04/08/2026",
      "Festividad local": [
        "Festivo Local"
      ]
    },
    {
      "Información del municipio": {
        "Comunidad Autónoma": "Andalucía",
        "Provincia": "Almería"
      }
    }
  ],
  "Nacimiento": [
    {
      "Fecha": "28/02/2026",
      "Festividad autonomica": [
        "Dí­a de Andalucí­a"
      ]
    },
    {
      "Fecha": "19/03/2026",
      "Festividad local": [
        "Festivo Local"
      ]
    },
    {
      "Fecha": "02/04/2026",
      "Festividad autonomica": [
        "Jueves Santo"
      ]
    },
    {
      "Fecha": "29/09/2026",
      "Festividad local": [
        "Festivo Local"
      ]
    },
    {
      "Información del municipio": {
        "Comunidad Autónoma": "Andalucía",
        "Provincia": "Almería"
      }
    }
  ],

    "Moraleja De Enmedio": [
    {
      "Fecha": "02/04/2026",
      "Festividad autonomica": [
        "Jueves Santo"
      ]
    },
    {
      "Fecha": "02/05/2026",
      "Festividad autonomica": [
        "Fiesta de la Comunidad de Madrid"
      ]
    },
    {
      "Fecha": "25/07/2026",
      "Festividad autonomica": [
        "Santiago Apóstol"
      ]
    },
    {
      "Fecha": "08/09/2026",
      "Festividad local": [
        "Festivo Local"
      ]
    },
    {
      "Fecha": "09/09/2026",
      "Festividad local": [
        "Festivo Local"
      ]
    },
    {
      "Información del municipio": {
        "Comunidad Autónoma": "Madrid",
        "Provincia": "Madrid"
      }
    }
  ],
"Estaràs": [
    {
      "Fecha": "09/01/2026",
      "Festividad local": [
        "Festivo Local"
      ]
    },
    {
      "Fecha": "06/04/2026",
      "Festividad autonomica": [
        "Lunes de Pascua"
      ]
    },
    {
      "Fecha": "24/06/2026",
      "Festividad autonomica": [
        "San Juan"
      ]
    },
    {
      "Fecha": "25/08/2026",
      "Festividad local": [
        "Festivo Local"
      ]
    },
    {
      "Fecha": "11/09/2026",
      "Festividad autonomica": [
        "Fiesta Nacional de Cataluña"
      ]
    },
    {
      "Fecha": "26/12/2026",
      "Festividad autonomica": [
        "San Esteban"
      ]
    },
    {
      "Información del municipio": {
        "Comunidad Autónoma": "Catalunya",
        "Provincia": "Lleida"
      }
    }
  ],
   "Jimena": [
    {
      "Fecha": "28/02/2026",
      "Festividad autonomica": [
        "Dí­a de Andalucí­a"
      ]
    },
    {
      "Fecha": "02/04/2026",
      "Festividad autonomica": [
        "Jueves Santo"
      ]
    },
    {
      "Fecha": "25/07/2026",
      "Festividad local": [
        "Festivo Local"
      ]
    },
    {
      "Fecha": "08/09/2026",
      "Festividad local": [
        "Festivo Local"
      ]
    },
    {
      "Información del municipio": {
        "Comunidad Autónoma": "Andalucía",
        "Provincia": "Jaén"
      }
    }
  ],
  "Jimena De La Frontera": [
    {
      "Fecha": "28/02/2026",
      "Festividad autonomica": [
        "Dí­a de Andalucí­a"
      ]
    },
    {
      "Fecha": "02/04/2026",
      "Festividad autonomica": [
        "Jueves Santo"
      ]
    },
    {
      "Fecha": "12/05/2026",
      "Festividad local": [
        "Festivo Local"
      ]
    },
    {
      "Fecha": "18/08/2026",
      "Festividad local": [
        "Festivo Local"
      ]
    },
    {
      "Información del municipio": {
        "Comunidad Autónoma": "Andalucía",
        "Provincia": "Cádiz"
      }
    }
  ],
  "Adra": [
    {
      "Fecha": "28/02/2026",
      "Festividad autonomica": [
        "Dí­a de Andalucí­a"
      ]
    },
    {
      "Fecha": "19/03/2026",
      "Festividad local": [
        "Festivo Local"
      ]
    },
    {
      "Fecha": "02/04/2026",
      "Festividad autonomica": [
        "Jueves Santo"
      ]
    },
    {
      "Fecha": "12/05/2026",
      "Festividad local": [
        "Festivo Local"
      ]
    },
    {
      "Información del municipio": {
        "Comunidad Autónoma": "Andalucía",
        "Provincia": "Almería"
        }
        }
    ]
}
 
 
